{"cameraMode":{"drawMode":0,"name":"Shaded","section":"Shading Mode"},"sceneLighting":true,"audioPlay":false,"sceneViewState":{"showFog":true,"showMaterialUpdate":false,"showSkybox":true,"showFlares":true,"showImageEffects":true,"showParticleSystems":true},"in2DMode":false,"pivot":{"x":-6.903487205505371,"y":5.989999294281006,"z":0.0},"rotation":{"x":0.0032491658348590137,"y":0.19318127632141114,"z":-0.0006388890906237066,"w":0.9811575412750244},"size":27.560218811035158,"orthographic":false}