{"cameraMode":{"drawMode":0,"name":"Shaded","section":"Shading Mode"},"sceneLighting":true,"audioPlay":false,"sceneViewState":{"showFog":true,"showMaterialUpdate":false,"showSkybox":true,"showFlares":true,"showImageEffects":true,"showParticleSystems":true},"in2DMode":false,"pivot":{"x":12.5106201171875,"y":3.1292836666107179,"z":1.7479376792907715},"rotation":{"x":0.3481135368347168,"y":0.03458500653505325,"z":-0.012851901352405548,"w":0.9367260336875916},"size":675.6400756835938,"orthographic":false}